Workbook

Sheet Sheet1
A1: 序号 | B1: 采购单号 | C1: 供应商 | D1: 待上传的支付凭证名 | E1: 入库金额 | F1: 日期 | G1: 金额 | H1: 差异 | I1: 系统采购金额 | J1: 状态 | K1: 备注 | L1: 序号
A2: 1 | B2: MCG202605050065 | C2: 佛山市缤涛纺织有限公司 | E2: 13 | F2: 2026-05-06 11:07:35 | G2: =E2+H2 -> 13 | H2: 0 | I2: 13 | J2: 待上传 | K2: 仿棉拉架平纹-200G（阻燃） | L2: 1 | M2: =VLOOKUP(B2,[1]报销单!$D:$G,4,0) -> #N/A
A3: 1 | B3: MCG202605050053 | C3: 佛山市缤涛纺织有限公司 | E3: 13 | F3: 2026-05-06 11:07:20 | G3: =E3+H3 -> 13 | H3: 0 | I3: 13 | J3: 待上传 | K3: 仿棉拉架平纹-200G（阻燃） | L3: 1 | M3: =VLOOKUP(B3,[1]报销单!$D:$G,4,0) -> #N/A
A4: 1 | B4: MCG202605050054 | C4: 佛山市缤涛纺织有限公司 | E4: 13 | F4: 2026-05-06 11:07:28 | G4: =E4+H4 -> 13 | H4: 0 | I4: 13 | J4: 待上传 | K4: 仿棉拉架平纹-200G（阻燃） | L4: 1 | M4: =VLOOKUP(B4,[1]报销单!$D:$G,4,0) -> #N/A
A5: 1 | B5: MCG202605050041 | C5: 佛山市缤涛纺织有限公司 | E5: 13 | F5: 2026-05-06 11:06:57 | G5: =E5+H5 -> 13 | H5: 0 | I5: 13 | J5: 待上传 | K5: 仿棉拉架平纹-200G（阻燃） | L5: 1 | M5: =VLOOKUP(B5,[1]报销单!$D:$G,4,0) -> #N/A
A6: 1 | B6: MCG202605050038 | C6: 佛山市缤涛纺织有限公司 | E6: 13 | F6: 2026-05-06 11:07:05 | G6: =E6+H6 -> 13 | H6: 0 | I6: 13 | J6: 待上传 | K6: 仿棉拉架平纹-200G（阻燃） | L6: 1 | M6: =VLOOKUP(B6,[1]报销单!$D:$G,4,0) -> #N/A
A7: 1 | B7: MCG202605050036 | C7: 佛山市缤涛纺织有限公司 | E7: 13 | F7: 2026-05-06 11:07:12 | G7: =E7+H7 -> 13 | H7: 0 | I7: 13 | J7: 待上传 | K7: 仿棉拉架平纹-200G（阻燃） | L7: 1 | M7: =VLOOKUP(B7,[1]报销单!$D:$G,4,0) -> #N/A
A8: 1 | B8: MCG202605050025 | C8: 佛山市缤涛纺织有限公司 | E8: 13 | F8: 2026-05-06 11:07:43 | G8: =E8+H8 -> 13 | H8: 0 | I8: 13 | J8: 待上传 | K8: 仿棉拉架平纹-200G（阻燃） | L8: 1 | M8: =VLOOKUP(B8,[1]报销单!$D:$G,4,0) -> #N/A
A9: 1 | B9: MCG202605050013 | C9: 佛山市缤涛纺织有限公司 | E9: 13 | F9: 2026-05-06 11:07:51 | G9: =E9+H9 -> 13 | H9: 0 | I9: 13 | J9: 待上传 | K9: 仿棉拉架平纹-200G（阻燃） | L9: 1 | M9: =VLOOKUP(B9,[1]报销单!$D:$G,4,0) -> #N/A
A10: 2 | B10: MCG202605050073 | C10: 佛山市缤涛纺织有限公司 | E10: 13 | F10: 2026-05-06 11:08:44 | G10: =E10+H10 -> 13 | H10: 0 | I10: 13 | J10: 待上传 | K10: 涤1*1拉架罗纹-260G（阻燃） | L10: 2 | M10: =VLOOKUP(B10,[1]报销单!$D:$G,4,0) -> #N/A
A11: 2 | B11: MCG202605050068 | C11: 佛山市缤涛纺织有限公司 | E11: 13 | F11: 2026-05-06 11:00:25 | G11: =E11+H11 -> 13 | H11: 0 | I11: 13 | J11: 待上传 | K11: 涤1*1拉架罗纹-260G（阻燃） | L11: 2 | M11: =VLOOKUP(B11,[1]报销单!$D:$G,4,0) -> #N/A
A12: 2 | B12: MCG202605050067 | C12: 佛山市缤涛纺织有限公司 | E12: 13 | F12: 2026-05-06 11:00:17 | G12: =E12+H12 -> 13 | H12: 0 | I12: 13 | J12: 待上传 | K12: 涤1*1拉架罗纹-260G（阻燃） | L12: 2 | M12: =VLOOKUP(B12,[1]报销单!$D:$G,4,0) -> #N/A
A13: 2 | B13: MCG202605050066 | C13: 佛山市缤涛纺织有限公司 | E13: 26 | F13: 2026-05-06 11:00:10 | G13: =E13+H13 -> 26 | H13: 0 | I13: 26 | J13: 待上传 | K13: 涤1*1拉架罗纹-260G（阻燃） | L13: 2 | M13: =VLOOKUP(B13,[1]报销单!$D:$G,4,0) -> #N/A
... A74: 17 | B74: MCG202605260040 | C74: 佛山市缤涛纺织有限公司 | E74: 13 | F74: 2026-05-28 15:18:00 | G74: =E74+H74 -> 13 | H74: 0 | I74: 13 | J74: 待上传 | K74: 涤1*1拉架罗纹-260G（阻燃） | L74: 17 | M74: =VLOOKUP(B74,[1]报销单!$D:$G,4,0) -> #N/A
A75: 18 | B75: MCG202605280019 | C75: 佛山市缤涛纺织有限公司 | D75: 1404-佛山市缤涛纺织有限公司 | E75: 13 | F75: 2026-05-29 14:20:18 | G75: =E75+H75 -> 13 | H75: 0 | I75: 13 | J75: 待上传 | K75: 双磨牛奶丝-220G（印花底布） | L75: 18 | M75: =VLOOKUP(B75,[1]报销单!$D:$G,4,0) -> #N/A
A76: 19 | B76: MCG202606010035 | C76: 佛山市缤涛纺织有限公司 | E76: 13 | F76: 2026-06-02 13:59:32 | G76: =E76+H76 -> 13 | H76: 0 | I76: 13 | J76: 待上传 | K76: 双磨牛奶丝-200G（印花底布） | L76: 19 | M76: =VLOOKUP(B76,[1]报销单!$D:$G,4,0) -> #N/A
A77: 19 | B77: MCG202606010019 | C77: 佛山市缤涛纺织有限公司 | E77: 13 | F77: 2026-06-02 13:48:55 | G77: =E77+H77 -> 13 | H77: 0 | I77: 13 | J77: 待上传 | K77: 涤1*1拉架罗纹-260G（阻燃） | L77: 19 | M77: =VLOOKUP(B77,[1]报销单!$D:$G,4,0) -> #N/A
A78: 20 | B78: MCG202606260024 | C78: 佛山市缤涛纺织有限公司 | E78: 13 | F78: 2026-06-27 16:01:16 | G78: =E78+H78 -> 13 | H78: 0 | I78: 13 | J78: 待上传 | K78: 涤1*1拉架罗纹-260G（阻燃） | L78: 20 | M78: =VLOOKUP(B78,[1]报销单!$D:$G,4,0) -> #N/A
A79: 20 | B79: MCG202606260022 | C79: 佛山市缤涛纺织有限公司 | E79: 13 | F79: 2026-06-27 16:01:01 | G79: =E79+H79 -> 13 | H79: 0 | I79: 13 | J79: 待上传 | K79: 涤1*1拉架罗纹-260G（阻燃） | L79: 20 | M79: =VLOOKUP(B79,[1]报销单!$D:$G,4,0) -> #N/A
A80: 20 | B80: MCG202606240027 | C80: 佛山市缤涛纺织有限公司 | E80: 13 | F80: 2026-06-25 11:50:34 | G80: =E80+H80 -> 13 | H80: 0 | I80: 13 | J80: 待上传 | K80: 涤1*1拉架罗纹-260G（阻燃） | L80: 20 | M80: =VLOOKUP(B80,[1]报销单!$D:$G,4,0) -> #N/A
A81: 20 | B81: MCG202606240015 | C81: 佛山市缤涛纺织有限公司 | E81: 13 | F81: 2026-06-25 11:51:14 | G81: =E81+H81 -> 13 | H81: 0 | I81: 13 | J81: 待上传 | K81: 涤1*1拉架罗纹-260G（阻燃） | L81: 20 | M81: =VLOOKUP(B81,[1]报销单!$D:$G,4,0) -> #N/A
A82: 20 | B82: MCG202606090035 | C82: 佛山市缤涛纺织有限公司 | E82: 13 | F82: 2026-06-09 16:34:44 | G82: =E82+H82 -> 13 | H82: 0 | I82: 13 | J82: 待上传 | K82: 涤1*1拉架罗纹-260G（阻燃） | L82: 20 | M82: =VLOOKUP(B82,[1]报销单!$D:$G,4,0) -> #N/A
A83: 20 | B83: MCG202606050049 | C83: 佛山市缤涛纺织有限公司 | E83: 13 | F83: 2026-06-06 15:41:29 | G83: =E83+H83 -> 13 | H83: 0 | I83: 13 | J83: 待上传 | K83: 涤1*1拉架罗纹-260G（阻燃） | L83: 20 | M83: =VLOOKUP(B83,[1]报销单!$D:$G,4,0) -> #N/A
A84: 20 | B84: MCG202606040014 | C84: 佛山市缤涛纺织有限公司 | E84: 13 | F84: 2026-06-07 11:41:55 | G84: =E84+H84 -> 13 | H84: 0 | I84: 13 | J84: 待上传 | K84: 涤1*1拉架罗纹-260G（阻燃） | L84: 20 | M84: =VLOOKUP(B84,[1]报销单!$D:$G,4,0) -> #N/A
A85: 20 | B85: MCG202606040015 | C85: 佛山市缤涛纺织有限公司 | E85: 13 | F85: 2026-06-07 11:42:06 | G85: =E85+H85 -> 13 | H85: 0 | I85: 13 | J85: 待上传 | K85: 涤1*1拉架罗纹-260G（阻燃） | L85: 20 | M85: =VLOOKUP(B85,[1]报销单!$D:$G,4,0) -> #N/A
A86: 20 | B86: MCG202606040008 | C86: 佛山市缤涛纺织有限公司 | E86: 13 | F86: 2026-06-06 19:20:50 | G86: =E86+H86 -> 10.49 | H86: -2.51 | I86: 15.51 | J86: 待上传 | K86: 涤1*1拉架罗纹-260G（阻燃） | L86: 20 | M86: =VLOOKUP(B86,[1]报销单!$D:$G,4,0) -> #N/A
A87: 20 | B87: MCG202606030083 | C87: 佛山市缤涛纺织有限公司 | E87: 13 | F87: 2026-06-07 11:41:36 | G87: =E87+H87 -> 13 | H87: 0 | I87: 13 | J87: 待上传 | K87: 涤1*1拉架罗纹-260G（阻燃） | L87: 20 | M87: =VLOOKUP(B87,[1]报销单!$D:$G,4,0) -> #N/A
... A179: 36 | B179: MCG202606240026 | C179: 佛山市缤涛纺织有限公司 | E179: 13 | F179: 2026-06-26 10:59:30 | G179: =E179+H179 -> 13 | H179: 0 | I179: 13 | J179: 待上传 | K179: 涤1*1拉架罗纹-260G（阻燃） | L179: 36 | M179: =VLOOKUP(B179,[1]报销单!$D:$G,4,0) -> #N/A
A180: 36 | B180: MCG202606240025 | C180: 佛山市缤涛纺织有限公司 | D180: 2301-佛山市缤涛纺织有限公司 | E180: 13 | F180: 2026-06-26 10:59:38 | G180: =E180+H180 -> 13 | H180: 0 | I180: 13 | J180: 待上传 | K180: 涤1*1拉架罗纹-260G（阻燃） | L180: 36 | M180: =VLOOKUP(B180,[1]报销单!$D:$G,4,0) -> #N/A
A181: 38 | B181: MCG202606240035 | C181: 周尚诚棉纺织有限公司 | E181: 23.31 | F181: 2026-06-26 10:58:05 | G181: =E181+H181 -> 23.31 | H181: 0 | I181: 23.31 | J181: 待上传 | K181: 棉涤拉架罗纹-280G | L181: 38 | M181: =VLOOKUP(B181,[1]报销单!$D:$G,4,0) -> #N/A
A182: 39 | B182: MCG202606150008 | C182: 周尚诚棉纺织有限公司 | E182: 24.5 | F182: 2026-06-16 10:29:23 | G182: =E182+H182 -> 24.5 | H182: 0 | I182: 24.5 | J182: 待上传 | K182: 棉涤拉架平纹-180G | L182: 39 | M182: =VLOOKUP(B182,[1]报销单!$D:$G,4,0) -> #N/A
A183: 39 | B183: MCG202606150007 | C183: 周尚诚棉纺织有限公司 | E183: 23.45 | F183: 2026-06-16 10:29:11 | G183: =E183+H183 -> 23.45 | H183: 0 | I183: 23.45 | J183: 待上传 | K183: 棉涤拉架平纹-180G | L183: 39 | M183: =VLOOKUP(B183,[1]报销单!$D:$G,4,0) -> #N/A
A184: 39 | B184: MCG202606150005 | C184: 周尚诚棉纺织有限公司 | E184: 23.8 | F184: 2026-06-16 10:29:02 | G184: =E184+H184 -> 23.8 | H184: 0 | I184: 23.8 | J184: 待上传 | K184: 棉涤拉架平纹-180G | L184: 39 | M184: =VLOOKUP(B184,[1]报销单!$D:$G,4,0) -> #N/A
A185: 39 | B185: MCG202606150003 | C185: 周尚诚棉纺织有限公司 | E185: 20.3 | F185: 2026-06-16 10:28:52 | G185: =E185+H185 -> 20.3 | H185: 0 | I185: 20.3 | J185: 待上传 | K185: 棉涤拉架平纹-180G | L185: 39 | M185: =VLOOKUP(B185,[1]报销单!$D:$G,4,0) -> #N/A
A186: 39 | B186: MCG202606150002 | C186: 周尚诚棉纺织有限公司 | E186: 23.46 | F186: 2026-06-16 10:28:42 | G186: =E186+H186 -> 23.46 | H186: 0 | I186: 23.46 | J186: 待上传 | K186: 棉涤拉架平纹-180G | L186: 39 | M186: =VLOOKUP(B186,[1]报销单!$D:$G,4,0) -> #N/A
A187: 40 | B187: MCG202606090036 | C187: 周尚诚棉纺织有限公司 | E187: 17.39 | F187: 2026-06-11 09:46:58 | G187: =E187+H187 -> 17.39 | H187: 0 | I187: 17.39 | J187: 待上传 | K187: 棉涤拉架罗纹-280G | L187: 40 | M187: =VLOOKUP(B187,[1]报销单!$D:$G,4,0) -> #N/A
A188: 41 | B188: MCG202606050029 | C188: 周尚诚棉纺织有限公司 | E188: 19.6 | F188: 2026-06-06 14:47:48 | G188: =E188+H188 -> 19.6 | H188: 0 | I188: 19.6 | J188: 待上传 | K188: 棉涤拉架平纹-180G | L188: 41 | M188: =VLOOKUP(B188,[1]报销单!$D:$G,4,0) -> #N/A
A189: 41 | B189: MCG202606050028 | C189: 周尚诚棉纺织有限公司 | E189: 22.05 | F189: 2026-06-06 14:47:10 | G189: =E189+H189 -> 22.05 | H189: 0 | I189: 22.05 | J189: 待上传 | K189: 棉涤拉架平纹-180G | L189: 41 | M189: =VLOOKUP(B189,[1]报销单!$D:$G,4,0) -> #N/A
A190: 41 | B190: MCG202606050024 | C190: 周尚诚棉纺织有限公司 | E190: 16.45 | F190: 2026-06-06 14:47:19 | G190: =E190+H190 -> 16.45 | H190: 0 | I190: 16.45 | J190: 待上传 | K190: 棉涤拉架平纹-180G | L190: 41 | M190: =VLOOKUP(B190,[1]报销单!$D:$G,4,0) -> #N/A
A191: 41 | B191: MCG202606050026 | C191: 周尚诚棉纺织有限公司 | E191: 16.45 | F191: 2026-06-06 14:47:58 | G191: =E191+H191 -> 16.45 | H191: 0 | I191: 16.45 | J191: 待上传 | K191: 棉涤拉架平纹-180G | L191: 41 | M191: =VLOOKUP(B191,[1]报销单!$D:$G,4,0) -> #N/A
A192: 41 | B192: MCG202606050023 | C192: 周尚诚棉纺织有限公司 | E192: 16.1 | F192: 2026-06-06 14:47:38 | G192: =E192+H192 -> 16.1 | H192: 0 | I192: 16.1 | J192: 待上传 | K192: 棉涤拉架平纹-180G | L192: 41 | M192: =VLOOKUP(B192,[1]报销单!$D:$G,4,0) -> #N/A
... A202: 42 | B202: MCG202606010004 | C202: 周尚诚棉纺织有限公司 | E202: 11.4 | F202: 2026-06-02 14:00:19 | G202: =E202+H202 -> 11.4 | H202: 0 | I202: 11.4 | J202: 待上传 | K202: 棉涤拉架平纹-180G | L202: 42 | M202: =VLOOKUP(B202,[1]报销单!$D:$G,4,0) -> #N/A
A203: 43 | B203: MCG202606300007 | C203: 周尚诚棉纺织有限公司 | D203: 432.13-周尚诚棉纺织有限公司 | E203: 19.95 | F203: 2026-07-01 11:21:46 | G203: =E203+H203 -> 19.95 | H203: 0 | I203: 19.95 | J203: 待上传 | K203: 棉涤拉架平纹-180G | L203: 43 | M203: =VLOOKUP(B203,[1]报销单!$D:$G,4,0) -> #N/A
A204: 44 | B204: MCG202606220021 | C204: NNF拉链 | E204: 3 | F204: 2026-06-29 11:44:40 | G204: =E204+H204 -> 3 | H204: 0 | I204: 3 | J204: 待上传 | K204: 3#尼龙注塑闭口链+自动头 65CM | L204: 44 | M204: =VLOOKUP(B204,[1]报销单!$D:$G,4,0) -> #N/A
A205: 44 | B205: MCG202606220017 | C205: NNF拉链 | E205: 3 | F205: 2026-06-29 11:41:12 | G205: =E205+H205 -> 3 | H205: 0 | I205: 3 | J205: 待上传 | K205: 3#尼龙注塑闭口链+自动头 65CM | L205: 44 | M205: =VLOOKUP(B205,[1]报销单!$D:$G,4,0) -> #N/A
A206: 44 | B206: MCG202606220015 | C206: NNF拉链 | E206: 3 | F206: 2026-06-29 11:41:20 | G206: =E206+H206 -> 3 | H206: 0 | I206: 3 | J206: 待上传 | K206: 3#尼龙注塑闭口链+自动头 65CM | L206: 44 | M206: =VLOOKUP(B206,[1]报销单!$D:$G,4,0) -> #N/A
A207: 44 | B207: MCG202606220008 | C207: NNF拉链 | D207: 12-NNF拉链 | E207: 3 | F207: 2026-06-29 11:44:32 | G207: =E207+H207 -> 3 | H207: 0 | I207: 3 | J207: 待上传 | K207: 3#勿尾自动头 胶牙拉链 55CM | L207: 44 | M207: =VLOOKUP(B207,[1]报销单!$D:$G,4,0) -> #N/A
A208: 45 | B208: MCG202607070045 | C208: NNF拉链 | E208: 5 | F208: 2026-07-08 11:22:39 | G208: =E208+H208 -> 5 | H208: 0 | I208: 5 | J208: 待上传 | K208: 3#开尾自动头 胶牙拉链 45CM | L208: 45 | M208: =VLOOKUP(B208,[1]报销单!$D:$G,4,0) -> #N/A
A209: 45 | B209: MCG202607070036 | C209: NNF拉链 | D209: 10-NNF拉链 | E209: 5 | F209: 2026-07-08 11:22:30 | G209: =E209+H209 -> 5 | H209: 0 | I209: 5 | J209: 待上传 | K209: 3#开尾自动头 胶牙拉链 50CM | L209: 45 | M209: =VLOOKUP(B209,[1]报销单!$D:$G,4,0) -> #N/A
A210: 45 | B210: MCG202607070018 | C210: SBS-福建浔兴拉链科技股份有限公司 | D210: 4-2-SBS-福建浔兴拉链科技股份有限公司 | E210: 4 | F210: 2026-07-08 11:22:04 | G210: =E210+H210 -> 4 | H210: 0 | I210: 4 | J210: 待上传 | K210: 3#隐形蕾丝带闭口链+自动头 40CM | L210: 45 | M210: =VLOOKUP(B210,[1]报销单!$D:$G,4,0) -> #N/A
A211: 46 | B211: MCG202604270010 | C211: NNF拉链 | D211: 3-NNF拉链 | E211: 3 | F211: 2026-04-30 18:34:13 | G211: =E211+H211 -> 3 | H211: 0 | I211: 3 | J211: 待上传 | K211: 3#尼龙注塑闭口链+自动头 55CM | L211: 46 | M211: =VLOOKUP(B211,[1]报销单!$D:$G,4,0) -> #N/A
A212: 47 | B212: MCG202606250014 | C212: 小米纺织 | D212: 25-小米纺织 | E212: 25 | F212: 2026-06-26 10:58:36 | G212: =E212+H212 -> 25 | H212: 0 | I212: 25 | J212: 待上传 | K212: 人棉坑条布-260G | L212: 47 | M212: =VLOOKUP(B212,[1]报销单!$D:$G,4,0) -> #N/A
A213: 48 | B213: MCG202607030046 | C213: 永亨织带有限公司 | D213: 4-永亨织带有限公司 | E213: 4 | F213: 2026-07-06 10:58:08 | G213: =E213+H213 -> 4 | H213: 0 | I213: 4 | J213: 待上传 | K213: 魔术贴 | L213: 48 | M213: =VLOOKUP(B213,[1]报销单!$D:$G,4,0) -> #N/A
A214: 49 | B214: MCG202607030036 | C214: 杰兴（杰诺）布行 | E214: 25 | F214: 2026-07-06 10:57:15 | G214: =E214+H214 -> 25 | H214: 0 | I214: 25 | J214: 待上传 | K214: 全棉拉架平纹-190G | L214: 49 | M214: =VLOOKUP(B214,[1]报销单!$D:$G,4,0) -> #N/A
A215: 49 | B215: MCG202607030030 | C215: 杰兴（杰诺）布行 | E215: 25 | F215: 2026-07-06 10:57:06 | G215: =E215+H215 -> 25 | H215: 0 | I215: 25 | J215: 待上传 | K215: 全棉拉架平纹-190G | L215: 49 | M215: =VLOOKUP(B215,[1]报销单!$D:$G,4,0) -> #N/A
A216: 49 | B216: MCG202607030026 | C216: 杰兴（杰诺）布行 | D216: 75-杰兴（杰诺）布行 | E216: 25 | F216: 2026-07-06 10:56:57 | G216: =E216+H216 -> 25 | H216: 0 | I216: 25 | J216: 待上传 | K216: 全棉拉架平纹-190G | L216: 49 | M216: =VLOOKUP(B216,[1]报销单!$D:$G,4,0) -> #N/A
A217: 50 | B217: MCG202606300016 | C217: 杰兴（杰诺）布行 | D217: 50-杰兴（杰诺）布行 | E217: 50 | F217: 2026-07-03 11:19:58 | G217: =E217+H217 -> 50 | H217: 0 | I217: 50 | J217: 待上传 | K217: 全棉拉架平纹-190G | L217: 50 | M217: =VLOOKUP(B217,[1]报销单!$D:$G,4,0) -> #N/A
A218: 51 | B218: MCG202607020002 | C218: 优粤纺织 | D218: 40-优粤纺织 | E218: 40 | F218: 2026-07-03 11:19:49 | G218: =E218+H218 -> 40 | H218: 0 | I218: 40 | J218: 待上传 | K218: 竹纤维拉架平纹-180G | L218: 51 | M218: =VLOOKUP(B218,[1]报销单!$D:$G,4,0) -> #N/A
A219: 52 | B219: MCG202607010040 | C219: 文盛行（原乾辰世景） | E219: 11 | F219: 2026-07-03 11:15:47 | G219: =E219+H219 -> 11 | H219: 0 | I219: 11 | J219: 待上传 | K219: 涤平纹 | L219: 52 | M219: =VLOOKUP(B219,[1]报销单!$D:$G,4,0) -> #N/A
A220: 52 | B220: MCG202607010036 | C220: 文盛行（原乾辰世景） | D220: 44-文盛行（原乾辰世景） | E220: 33 | F220: 2026-07-03 11:16:16 | G220: =E220+H220 -> 33 | H220: 0 | I220: 33 | J220: 待上传 | K220: 涤平纹 | L220: 52 | M220: =VLOOKUP(B220,[1]报销单!$D:$G,4,0) -> #N/A
A221: 53 | B221: MCG202606300011 | C221: 文盛行（原乾辰世景） | E221: 30 | F221: 2026-07-02 10:48:01 | G221: =E221+H221 -> 30 | H221: 0 | I221: 30 | J221: 待上传 | K221: 涤平纹 | L221: 53 | M221: =VLOOKUP(B221,[1]报销单!$D:$G,4,0) -> #N/A
A222: 53 | B222: MCG202606300010 | C222: 文盛行（原乾辰世景） | D222: 52-文盛行（原乾辰世景） | E222: 22 | F222: 2026-07-02 10:47:52 | G222: =E222+H222 -> 22 | H222: 0 | I222: 22 | J222: 待上传 | K222: 涤平纹 | L222: 53 | M222: =VLOOKUP(B222,[1]报销单!$D:$G,4,0) -> #N/A
A223: 54 | B223: MCG202607070013 | C223: 文盛行（原乾辰世景） | D223: 11-文盛行（原乾辰世景） | E223: 11 | F223: 2026-07-08 11:28:31 | G223: =E223+H223 -> 11 | H223: 0 | I223: 11 | J223: 待上传 | K223: 涤平纹 | L223: 54 | M223: =VLOOKUP(B223,[1]报销单!$D:$G,4,0) -> #N/A
A224: 55 | B224: MCG202607030011 | C224: 恒业布行（轻纺城F区） | E224: 69 | F224: 2026-07-06 10:57:24 | G224: =E224+H224 -> 69 | H224: 0 | I224: 69 | J224: 待上传 | K224: 涤棉卫衣（无拉架）-280G | L224: 55 | M224: =VLOOKUP(B224,[1]报销单!$D:$G,4,0) -> #N/A
A225: 56 | B225: MCG202607030012 | C225: 恒业布行（轻纺城F区） | D225: 92-恒业布行（轻纺城F区） | E225: 23 | F225: 2026-07-06 10:57:33 | G225: =E225+H225 -> 23 | H225: 0 | I225: 23 | J225: 待上传 | K225: 涤棉拉架罗纹-340G | L225: 56 | M225: =VLOOKUP(B225,[1]报销单!$D:$G,4,0) -> #N/A
A226: 57 | B226: MCG202607070032 | C226: 隆发罗纹 | E226: 25 | F226: 2026-07-08 11:28:22 | G226: =E226+H226 -> 25 | H226: 0 | I226: 25 | J226: 待上传 | K226: 全棉2*2拉架罗纹-460G | L226: 57 | M226: =VLOOKUP(B226,[1]报销单!$D:$G,4,0) -> #N/A
A227: 57 | B227: MCG202607070033 | C227: 隆发罗纹 | D227: 50-隆发罗纹 | E227: 25 | F227: 2026-07-08 11:28:14 | G227: =E227+H227 -> 25 | H227: 0 | I227: 25 | J227: 待上传 | K227: 全棉2*2拉架罗纹-460G | L227: 57 | M227: =VLOOKUP(B227,[1]报销单!$D:$G,4,0) -> #N/A
A228: 58 | B228: MCG202607030009 | C228: 隆发罗纹 | E228: 25 | F228: 2026-07-06 11:00:03 | G228: =E228+H228 -> 25 | H228: 0 | I228: 25 | J228: 待上传 | K228: 全棉2*2拉架罗纹-460G | L228: 58 | M228: =VLOOKUP(B228,[1]报销单!$D:$G,4,0) -> #N/A
A229: 58 | B229: MCG202607030015 | C229: 隆发罗纹 | E229: 25 | F229: 2026-07-06 10:55:44 | G229: =E229+H229 -> 25 | H229: 0 | I229: 25 | J229: 待上传 | K229: 全棉2*2拉架罗纹-400G | L229: 58 | M229: =VLOOKUP(B229,[1]报销单!$D:$G,4,0) -> #N/A
A230: 58 | B230: MCG202607030018 | C230: 隆发罗纹 | E230: 25 | F230: 2026-07-06 10:55:35 | G230: =E230+H230 -> 25 | H230: 0 | I230: 25 | J230: 待上传 | K230: 全棉2*2拉架罗纹-400G | L230: 58 | M230: =VLOOKUP(B230,[1]报销单!$D:$G,4,0) -> #N/A
A231: 58 | B231: MCG202607030005 | C231: 隆发罗纹 | D231: 100-隆发罗纹 | E231: 25 | F231: 2026-07-06 10:55:26 | G231: =E231+H231 -> 25 | H231: 0 | I231: 25 | J231: 待上传 | K231: 全棉2*2拉架罗纹-400G | L231: 58 | M231: =VLOOKUP(B231,[1]报销单!$D:$G,4,0) -> #N/A
A232: 59 | B232: MCG202607010043 | C232: 隆发罗纹 | E232: 25 | F232: 2026-07-02 10:48:29 | G232: =E232+H232 -> 25 | H232: 0 | I232: 25 | J232: 待上传 | K232: 全棉2*2拉架罗纹-400G | L232: 59 | M232: =VLOOKUP(B232,[1]报销单!$D:$G,4,0) -> #N/A
A233: 59 | B233: MCG202607010026 | C233: 隆发罗纹 | D233: 50-2-隆发罗纹 | E233: 25 | F233: 2026-07-02 10:48:20 | G233: =E233+H233 -> 25 | H233: 0 | I233: 25 | J233: 待上传 | K233: 全棉2*2拉架罗纹-460G | L233: 59 | M233: =VLOOKUP(B233,[1]报销单!$D:$G,4,0) -> #N/A
A234: 60 | B234: MCG202606300005 | C234: 怡丰布行 | D234: 50-怡丰布行 | E234: 50 | F234: 2026-07-02 10:48:10 | G234: =E234+H234 -> 50 | H234: 0 | I234: 50 | J234: 待上传 | K234: 棉涤卫衣-280G | L234: 60 | M234: =VLOOKUP(B234,[1]报销单!$D:$G,4,0) -> #N/A
A235: 61 | B235: MCG202606300008 | C235: 宝年丰布业 | E235: 30.9 | F235: 2026-07-02 10:49:07 | G235: =E235+H235 -> 30.8 | H235: -0.1 | I235: 31 | J235: 待上传 | K235: 全棉拉架平纹-180G | L235: 61 | M235: =VLOOKUP(B235,[1]报销单!$D:$G,4,0) -> #N/A
A236: 61 | B236: MCG202606300004 | C236: 宝年丰布业 | E236: 18.7 | F236: 2026-07-02 10:48:58 | G236: =E236+H236 -> 18.7 | H236: 0 | I236: 18.7 | J236: 待上传 | K236: 全棉拉架平纹-180G | L236: 61 | M236: =VLOOKUP(B236,[1]报销单!$D:$G,4,0) -> #N/A
A237: 61 | B237: MCG202606290029 | C237: 宝年丰布业 | D237: 72-宝年丰布业 | E237: 22.4 | F237: 2026-07-01 19:02:48 | G237: =E237+H237 -> 22.4 | H237: 0 | I237: 22.4 | J237: 待上传 | K237: 全棉拉架平纹-180G | L237: 61 | M237: =VLOOKUP(B237,[1]报销单!$D:$G,4,0) -> #N/A
A238: 62 | B238: MCG202607070038 | C238: 宝年丰布业 | E238: 20.24 | F238: 2026-07-08 11:27:03 | G238: =E238+H238 -> 20.24 | H238: 0 | I238: 20.2447 | J238: 待上传 | K238: 全棉拉架平纹-180G | L238: 62 | M238: =VLOOKUP(B238,[1]报销单!$D:$G,4,0) -> #N/A
A239: 62 | B239: MCG202607070009 | C239: 宝年丰布业 | E239: 82.78 | F239: 2026-07-08 11:26:54 | G239: =E239+H239 -> 82.78 | H239: 0 | I239: 82.783 | J239: 待上传 | K239: 全棉拉架平纹-180G | L239: 62 | M239: =VLOOKUP(B239,[1]报销单!$D:$G,4,0) -> #N/A
A240: 62 | B240: MCG202607070007 | C240: 宝年丰布业 | E240: 18.74 | F240: 2026-07-08 11:27:29 | G240: =E240+H240 -> 18.74 | H240: 0 | I240: 18.7414 | J240: 待上传 | K240: 全棉拉架平纹-180G | L240: 62 | M240: =VLOOKUP(B240,[1]报销单!$D:$G,4,0) -> #N/A
A241: 62 | B241: MCG202607070005 | C241: 宝年丰布业 | E241: 20.24 | F241: 2026-07-08 11:27:20 | G241: =E241+H241 -> 20.24 | H241: 0 | I241: 20.2447 | J241: 待上传 | K241: 全棉拉架平纹-180G | L241: 62 | M241: =VLOOKUP(B241,[1]报销单!$D:$G,4,0) -> #N/A
A242: 62 | B242: MCG202607070001 | C242: 宝年丰布业 | E242: 20.24 | F242: 2026-07-08 11:27:38 | G242: =E242+H242 -> 20.24 | H242: 0 | I242: 20.2447 | J242: 待上传 | K242: 全棉拉架平纹-180G | L242: 62 | M242: =VLOOKUP(B242,[1]报销单!$D:$G,4,0) -> #N/A
A243: 62 | B243: MCG202607070002 | C243: 宝年丰布业 | D243: 181-宝年丰布业 | E243: 18.74 | F243: 2026-07-08 11:27:12 | G243: =E243+H243 -> 18.74 | H243: 0 | I243: 18.7414 | J243: 待上传 | K243: 全棉拉架平纹-180G | L243: 62 | M243: =VLOOKUP(B243,[1]报销单!$D:$G,4,0) -> #N/A
A244: 63 | B244: MCG202606300003 | C244: 广东健业纺织集团有限公司 | D244: 50-广东健业纺织集团有限公司 | E244: 50 | F244: 2026-07-06 10:52:57 | G244: =E244+H244 -> 50 | H244: 0 | I244: 50.0001 | J244: 待上传 | K244: 坑条布 | L244: 63 | M244: =VLOOKUP(B244,[1]报销单!$D:$G,4,0) -> #N/A
A245: 64 | B245: MCG202607080044 | C245: 广东健业纺织集团有限公司 | D245: 716-广东健业纺织集团有限公司 | E245: 716 | F245: 2026-07-08 18:15:11 | G245: =E245+H245 -> 716 | H245: 0 | I245: 715.9975 | J245: 待上传 | K245: 全涤2*2拉架罗纹-180G | L245: 64 | M245: =VLOOKUP(B245,[1]报销单!$D:$G,4,0) -> #N/A
A246: 65 | B246: MCG202607030014 | C246: 琼生布行 | D246: 25-琼生布行 | E246: 25 | F246: 2026-07-06 11:00:11 | G246: =E246+H246 -> 25 | H246: 0 | I246: 25 | J246: 待上传 | K246: 涤棉拉架卫衣-290G | L246: 65 | M246: =VLOOKUP(B246,[1]报销单!$D:$G,4,0) -> #N/A
A247: 66 | B247: MCG202607010039 | C247: 琼生布行 | D247: 50-琼生布行 | E247: 50 | F247: 2026-07-02 10:48:39 | G247: =E247+H247 -> 50 | H247: 0 | I247: 50 | J247: 待上传 | K247: 彩棉拉架平纹-180G | L247: 66 | M247: =VLOOKUP(B247,[1]报销单!$D:$G,4,0) -> #N/A
A248: 67 | B248: MCG202606290027 | C248: 杰兴（杰诺）布行 | E248: 25.02 | F248: 2026-07-01 11:22:24 | G248: =E248+H248 -> 25.05 | H248: 0.03 | I248: 24.99 | J248: 待上传 | K248: 全棉拉架平纹-190G | L248: 67 | M248: =VLOOKUP(B248,[1]报销单!$D:$G,4,0) -> #N/A
A249: 67 | B249: MCG202606290010 | C249: 杰兴（杰诺）布行 | E249: 24.99 | F249: 2026-07-01 11:22:14 | G249: =E249+H249 -> 24.99 | H249: 0 | I249: 24.99 | J249: 待上传 | K249: 全棉拉架平纹-190G | L249: 67 | M249: =VLOOKUP(B249,[1]报销单!$D:$G,4,0) -> #N/A
A250: 67 | B250: MCG202606290004 | C250: 杰兴（杰诺）布行 | E250: 24.99 | F250: 2026-07-01 11:22:33 | G250: =E250+H250 -> 24.99 | H250: 0 | I250: 24.99 | J250: 待上传 | K250: 全棉拉架平纹-190G | L250: 67 | M250: =VLOOKUP(B250,[1]报销单!$D:$G,4,0) -> #N/A
A251: 67 | B251: MCG202606290001 | C251: 杰兴（杰诺）布行 | D251: 115-杰兴（杰诺）布行 | E251: 40 | F251: 2026-07-02 14:53:58 | G251: =E251+H251 -> 40 | H251: 0 | I251: 40 | J251: 待上传 | K251: 棉涤拉架平纹-190G | L251: 67 | M251: =VLOOKUP(B251,[1]报销单!$D:$G,4,0) -> #N/A
A252: 68 | B252: MCG202606300012 | C252: 鑫悦纺织 | D252: 20-鑫悦纺织 | E252: 20 | F252: 2026-07-06 10:56:31 | G252: =E252+H252 -> 20 | H252: 0 | I252: 20 | J252: 待上传 | K252: 运动瑜伽面料-180G | L252: 68 | M252: =VLOOKUP(B252,[1]报销单!$D:$G,4,0) -> #N/A
A253: 69 | B253: MCG202607020010 | C253: 佛山市鑫顺旺纺织有限公司 | E253: 35 | F253: 2026-07-06 11:01:22 | G253: =E253+H253 -> 35 | H253: 0 | I253: 35 | J253: 待上传 | K253: 涤棉拉架平纹-180G | L253: 69 | M253: =VLOOKUP(B253,[1]报销单!$D:$G,4,0) -> #N/A
A254: 69 | B254: MCG202607020011 | C254: 佛山市鑫顺旺纺织有限公司 | E254: 70 | F254: 2026-07-06 11:01:30 | G254: =E254+H254 -> 70 | H254: 0 | I254: 70 | J254: 待上传 | K254: 涤棉拉架平纹-180G | L254: 69 | M254: =VLOOKUP(B254,[1]报销单!$D:$G,4,0) -> #N/A
A255: 69 | B255: MCG202607010027 | C255: 佛山市鑫顺旺纺织有限公司 | E255: 70 | F255: 2026-07-06 11:01:13 | G255: =E255+H255 -> 70 | H255: 0 | I255: 70 | J255: 待上传 | K255: 涤棉拉架平纹-180G | L255: 69 | M255: =VLOOKUP(B255,[1]报销单!$D:$G,4,0) -> #N/A
A256: 69 | B256: MCG202607010029 | C256: 佛山市鑫顺旺纺织有限公司 | E256: 35 | F256: 2026-07-06 11:00:55 | G256: =E256+H256 -> 35 | H256: 0 | I256: 35 | J256: 待上传 | K256: 涤棉拉架平纹-180G | L256: 69 | M256: =VLOOKUP(B256,[1]报销单!$D:$G,4,0) -> #N/A
A257: 69 | B257: MCG202607010022 | C257: 佛山市鑫顺旺纺织有限公司 | E257: 35 | F257: 2026-07-06 11:00:20 | G257: =E257+H257 -> 35 | H257: 0 | I257: 35 | J257: 待上传 | K257: 涤棉拉架平纹-180G | L257: 69 | M257: =VLOOKUP(B257,[1]报销单!$D:$G,4,0) -> #N/A
A258: 69 | B258: MCG202607010019 | C258: 佛山市鑫顺旺纺织有限公司 | E258: 70 | F258: 2026-07-06 11:01:04 | G258: =E258+H258 -> 70 | H258: 0 | I258: 70 | J258: 待上传 | K258: 涤棉拉架平纹-180G | L258: 69 | M258: =VLOOKUP(B258,[1]报销单!$D:$G,4,0) -> #N/A
A259: 69 | B259: MCG202607010020 | C259: 佛山市鑫顺旺纺织有限公司 | E259: 35 | F259: 2026-07-06 11:00:46 | G259: =E259+H259 -> 35 | H259: 0 | I259: 35 | J259: 待上传 | K259: 涤棉拉架平纹-180G | L259: 69 | M259: =VLOOKUP(B259,[1]报销单!$D:$G,4,0) -> #N/A
A260: 69 | B260: MCG202607010017 | C260: 佛山市鑫顺旺纺织有限公司 | E260: 70 | F260: 2026-07-06 11:00:29 | G260: =E260+H260 -> 70 | H260: 0 | I260: 70 | J260: 待上传 | K260: 涤棉拉架平纹-180G | L260: 69 | M260: =VLOOKUP(B260,[1]报销单!$D:$G,4,0) -> #N/A
...

Sheet 序号分组明细
A1: 序号/序号组合 | B1: 待上传的支付凭证名 | C1: 采购行数 | D1: 分组金额合计 | E1: 供应商 | F1: 采购单号/状态
A2: 1 | B2: 104-佛山市缤涛纺织有限公司 | C2: 8 | D2: 104 | E2: 佛山市缤涛纺织有限公司 | F2: MCG202605050065,MCG202605050053,MCG202605050054,MCG202605050041,MCG202605050038,MCG202605050036,MCG202605050025,MCG202605050013
A3: 2 | B3: 182-佛山市缤涛纺织有限公司 | C3: 13 | D3: 182 | E3: 佛山市缤涛纺织有限公司 | F3: MCG202605050073,MCG202605050068,MCG202605050067,MCG202605050066,MCG202605050062,MCG202605050052,MCG202605050049,MCG202605050040,MCG202605050034,MCG202605050024,MCG202605050019,MCG202605050018,MCG202605050012
A4: 3 | B4: 208-佛山市缤涛纺织有限公司 | C4: 11 | D4: 208 | E4: 佛山市缤涛纺织有限公司 | F4: MCG202605050069,MCG202605050071,MCG202605050063,MCG202605050064,MCG202605050050,MCG202605050051,MCG202605050039,MCG202605050037,MCG202605050033,MCG202605050035,MCG202605050011
A5: 4 | C5: 3 | D5: 39 | E5: 佛山市缤涛纺织有限公司 | F5: MCG202605060036,MCG202605060033,MCG202605060007
A6: 5 | C6: 2 | D6: 26 | E6: 佛山市缤涛纺织有限公司 | F6: MCG202605070014,MCG202605070011
A7: 6 | C7: 2 | D7: 26 | E7: 佛山市缤涛纺织有限公司 | F7: MCG202605080011,MCG202605080004
A8: 7 | C8: 3 | D8: 39 | E8: 佛山市缤涛纺织有限公司 | F8: MCG202605110046,MCG202605110044,MCG202605110001
A9: 8 | C9: 1 | D9: 65 | E9: 佛山市缤涛纺织有限公司 | F9: MCG202605110052
A10: 9 | C10: 5 | D10: 91 | E10: 佛山市缤涛纺织有限公司 | F10: MCG202605130038,MCG202605130036,MCG202605120027,MCG202605120028,MCG202605120026
A11: 10 | C11: 1 | D11: 13 | E11: 佛山市缤涛纺织有限公司 | F11: MCG202605140036
A12: 11 | C12: 4 | D12: 52 | E12: 佛山市缤涛纺织有限公司 | F12: MCG202605150013,MCG202605150011,MCG202605150012,MCG202605150008
A13: 12 | C13: 5 | D13: 65 | E13: 佛山市缤涛纺织有限公司 | F13: MCG202605180005,MCG202605180006,MCG202605180007,MCG202605150031,MCG202605150024
A14: 13 | C14: 3 | D14: 39 | E14: 佛山市缤涛纺织有限公司 | F14: MCG202605190028,MCG202605190017,MCG202605190018
A15: 14 | C15: 1 | D15: 13 | E15: 佛山市缤涛纺织有限公司 | F15: MCG202605210014
A16: 15 | C16: 1 | D16: 26 | E16: 佛山市缤涛纺织有限公司 | F16: MCG202605250057
... A28: 27 | C28: 1 | D28: 39 | E28: 佛山市缤涛纺织有限公司 | F28: MCG202606100011
A29: 28 | B29: 2301-佛山市缤涛纺织有限公司 | C29: 4 | D29: 91 | E29: 佛山市缤涛纺织有限公司 | F29: MCG202606110009,MCG202606110010,MCG202606110006,MCG202606100030
A30: 29 | B30: 13-佛山市缤涛纺织有限公司 | C30: 1 | D30: 13 | E30: 佛山市缤涛纺织有限公司 | F30: MCG202606260083
A31: 30 | B31: 13-2-佛山市缤涛纺织有限公司 | C31: 1 | D31: 13 | E31: 佛山市缤涛纺织有限公司 | F31: MCG202606120008
A32: 31 | B32: 65-佛山市缤涛纺织有限公司 | C32: 3 | D32: 65 | E32: 佛山市缤涛纺织有限公司 | F32: MCG202606160002,MCG202606160005,MCG202606160006
A33: 32 | B33: 299-佛山市缤涛纺织有限公司 | C33: 9 | D33: 299 | E33: 佛山市缤涛纺织有限公司 | F33: MCG202606160003,MCG202606160004,MCG202606160007,MCG202606150009,MCG202606150010,MCG202606150011,MCG202606150012,MCG202606150013,MCG202606150014
A34: 33 | B34: 91-佛山市缤涛纺织有限公司 | C34: 4 | D34: 91 | E34: 佛山市缤涛纺织有限公司 | F34: MCG202606180017,MCG202606170033,MCG202606170034,MCG202606170035
A35: 34 | B35: 26-佛山市缤涛纺织有限公司 | C35: 1 | D35: 26 | E35: 佛山市缤涛纺织有限公司 | F35: MCG202606220001
A36: 35 | B36: 52-佛山市缤涛纺织有限公司 | C36: 2 | D36: 52 | E36: 佛山市缤涛纺织有限公司 | F36: MCG202606240013,MCG202606240001
A37: 36 | B37: 91-2-佛山市缤涛纺织有限公司 | C37: 6 | D37: 91 | E37: 佛山市缤涛纺织有限公司 | F37: MCG202606240034,MCG202606240030,MCG202606240029,MCG202606240028,MCG202606240026,MCG202606240025
A38: 38 | C38: 1 | D38: 23.31 | E38: 周尚诚棉纺织有限公司 | F38: MCG202606240035
A39: 39 | C39: 5 | D39: 115.51 | E39: 周尚诚棉纺织有限公司 | F39: MCG202606150008,MCG202606150007,MCG202606150005,MCG202606150003,MCG202606150002
A40: 40 | C40: 1 | D40: 17.39 | E40: 周尚诚棉纺织有限公司 | F40: MCG202606090036
A41: 41 | C41: 6 | D41: 109.9 | E41: 周尚诚棉纺织有限公司 | F41: MCG202606050029,MCG202606050028,MCG202606050024,MCG202606050026,MCG202606050023,MCG202606050022
A42: 42 | C42: 9 | D42: 146.07 | E42: 周尚诚棉纺织有限公司 | F42: MCG202606010089,MCG202606010088,MCG202606010086,MCG202606010085,MCG202606010024,MCG202606010022,MCG202606010005,MCG202606010003,MCG202606010004
A43: 43 | B43: 432.13-周尚诚棉纺织有限公司 | C43: 1 | D43: 19.95 | E43: 周尚诚棉纺织有限公司 | F43: MCG202606300007
A44: 44 | B44: 12-NNF拉链 | C44: 4 | D44: 12 | E44: NNF拉链 | F44: MCG202606220021,MCG202606220017,MCG202606220015,MCG202606220008
A45: 45 | B45: 14-NNF拉链 | C45: 3 | D45: 14 | E45: NNF拉链 | F45: MCG202607070045,MCG202607070036,MCG202607070018
A46: 46 | B46: 3-NNF拉链 | C46: 1 | D46: 3 | E46: NNF拉链 | F46: MCG202604270010
A47: 47 | B47: 25-小米纺织 | C47: 1 | D47: 25 | E47: 小米纺织 | F47: MCG202606250014
A48: 48 | B48: 4-永亨织带有限公司 | C48: 1 | D48: 4 | E48: 永亨织带有限公司 | F48: MCG202607030046
A49: 49 | B49: 75-杰兴（杰诺）布行 | C49: 3 | D49: 75 | E49: 杰兴（杰诺）布行 | F49: MCG202607030036,MCG202607030030,MCG202607030026
A50: 50 | B50: 50-杰兴（杰诺）布行 | C50: 1 | D50: 50 | E50: 杰兴（杰诺）布行 | F50: MCG202606300016
A51: 51 | B51: 40-优粤纺织 | C51: 1 | D51: 40 | E51: 优粤纺织 | F51: MCG202607020002
A52: 52 | B52: 44-文盛行（原乾辰世景） | C52: 2 | D52: 44 | E52: 文盛行（原乾辰世景） | F52: MCG202607010040,MCG202607010036
A53: 53 | B53: 52-文盛行（原乾辰世景） | C53: 2 | D53: 52 | E53: 文盛行（原乾辰世景） | F53: MCG202606300011,MCG202606300010
A54: 54 | B54: 11-文盛行（原乾辰世景） | C54: 1 | D54: 11 | E54: 文盛行（原乾辰世景） | F54: MCG202607070013
A55: 55 | C55: 1 | D55: 69 | E55: 恒业布行（轻纺城F区） | F55: MCG202607030011
A56: 56 | B56: 92-恒业布行（轻纺城F区） | C56: 1 | D56: 23 | E56: 恒业布行（轻纺城F区） | F56: MCG202607030012
A57: 57 | B57: 50-隆发罗纹 | C57: 2 | D57: 50 | E57: 隆发罗纹 | F57: MCG202607070032,MCG202607070033
A58: 58 | B58: 100-隆发罗纹 | C58: 4 | D58: 100 | E58: 隆发罗纹 | F58: MCG202607030009,MCG202607030015,MCG202607030018,MCG202607030005
A59: 59 | B59: 50-2-隆发罗纹 | C59: 2 | D59: 50 | E59: 隆发罗纹 | F59: MCG202607010043,MCG202607010026
A60: 60 | B60: 50-怡丰布行 | C60: 1 | D60: 50 | E60: 怡丰布行 | F60: MCG202606300005
A61: 61 | B61: 72-宝年丰布业 | C61: 3 | D61: 72 | E61: 宝年丰布业 | F61: MCG202606300008,MCG202606300004,MCG202606290029
A62: 62 | B62: 181-宝年丰布业 | C62: 6 | D62: 180.98 | E62: 宝年丰布业 | F62: MCG202607070038,MCG202607070009,MCG202607070007,MCG202607070005,MCG202607070001,MCG202607070002
A63: 63 | B63: 50-广东健业纺织集团有限公司 | C63: 1 | D63: 50 | E63: 广东健业纺织集团有限公司 | F63: MCG202606300003
A64: 64 | B64: 716-广东健业纺织集团有限公司 | C64: 1 | D64: 716 | E64: 广东健业纺织集团有限公司 | F64: MCG202607080044
A65: 65 | B65: 25-琼生布行 | C65: 1 | D65: 25 | E65: 琼生布行 | F65: MCG202607030014
A66: 66 | B66: 50-琼生布行 | C66: 1 | D66: 50 | E66: 琼生布行 | F66: MCG202607010039
A67: 67 | B67: 115-杰兴（杰诺）布行 | C67: 4 | D67: 115 | E67: 杰兴（杰诺）布行 | F67: MCG202606290027,MCG202606290010,MCG202606290004,MCG202606290001
... A82: 82 | B82: 205-怡丰布行 | C82: 5 | D82: 205 | E82: 怡丰布行 | F82: MCG202607030044,MCG202607030023,MCG202607030008,MCG202607030017,MCG202607030004
A84: 1 | B84: 104-佛山市缤涛纺织有限公司 | C84: 104 | D84: 佛山市缤涛纺织有限公司 | E84: 缺少支付凭证
A85: 2 | B85: 182-佛山市缤涛纺织有限公司 | C85: 182 | D85: 佛山市缤涛纺织有限公司 | E85: 缺少支付凭证
A86: 3 | B86: 208-佛山市缤涛纺织有限公司 | C86: 208 | D86: 佛山市缤涛纺织有限公司 | E86: 缺少支付凭证
A87: 4,5,6,7,8,9,10,11,12,13,14,15,16,17,18,19,20,21,22,23,24,25,26,27,28 | B87: 2301-佛山市缤涛纺织有限公司 | C87: 2301 | D87: 佛山市缤涛纺织有限公司 | E87: 已分配支付凭证
A88: 29 | B88: 13-佛山市缤涛纺织有限公司 | C88: 13 | D88: 佛山市缤涛纺织有限公司 | E88: 缺少支付凭证
A89: 30 | B89: 13-2-佛山市缤涛纺织有限公司 | C89: 13 | D89: 佛山市缤涛纺织有限公司 | E89: 缺少支付凭证
A90: 31 | B90: 65-佛山市缤涛纺织有限公司 | C90: 65 | D90: 佛山市缤涛纺织有限公司 | E90: 缺少支付凭证
A91: 32 | B91: 299-佛山市缤涛纺织有限公司 | C91: 299 | D91: 佛山市缤涛纺织有限公司 | E91: 缺少支付凭证
A92: 33 | B92: 91-佛山市缤涛纺织有限公司 | C92: 91 | D92: 佛山市缤涛纺织有限公司 | E92: 缺少支付凭证
A93: 34 | B93: 26-佛山市缤涛纺织有限公司 | C93: 26 | D93: 佛山市缤涛纺织有限公司 | E93: 缺少支付凭证
A94: 35 | B94: 52-佛山市缤涛纺织有限公司 | C94: 52 | D94: 佛山市缤涛纺织有限公司 | E94: 缺少支付凭证
A95: 36 | B95: 91-2-佛山市缤涛纺织有限公司 | C95: 91 | D95: 佛山市缤涛纺织有限公司 | E95: 缺少支付凭证
... A134: 82 | B134: 205-怡丰布行 | C134: 205 | D134: 怡丰布行 | E134: 已分配支付凭证

Sheet 改名记录
A1: 序号 | B1: 原文件名 | C1: 新文件名 | D1: 结果
A2: 18 | B2: 1404-佛山市缤涛纺织有限公司.jpg | C2: 1404-佛山市缤涛纺织有限公司.jpg | D2: 无需改名
A3: 36 | B3: 2301-佛山市缤涛纺织有限公司.jpg | C3: 2301-佛山市缤涛纺织有限公司.jpg | D3: 无需改名
A4: 43 | B4: 432.13-周尚诚棉纺织有限公司.jpg | C4: 432.13-周尚诚棉纺织有限公司.jpg | D4: 无需改名
A5: 44 | B5: 12-NNF拉链.jpg | C5: 12-NNF拉链.jpg | D5: 无需改名
A6: 45 | B6: 10-NNF拉链.jpg | C6: 10-NNF拉链.jpg | D6: 无需改名
A7: 45 | B7: 4-2-SBS-福建浔兴拉链科技股份有限公司.jpg | C7: 4-2-SBS-福建浔兴拉链科技股份有限公司.jpg | D7: 无需改名
A8: 46 | B8: 3-NNF拉链.jpg | C8: 3-NNF拉链.jpg | D8: 无需改名
A9: 47 | B9: 25-小米纺织.jpg | C9: 25-小米纺织.jpg | D9: 无需改名
A10: 48 | B10: 4-永亨织带有限公司.jpg | C10: 4-永亨织带有限公司.jpg | D10: 无需改名
A11: 49 | B11: 75-杰兴（杰诺）布行.jpg | C11: 75-杰兴（杰诺）布行.jpg | D11: 无需改名
A12: 50 | B12: 50-杰兴（杰诺）布行.jpg | C12: 50-杰兴（杰诺）布行.jpg | D12: 无需改名
A13: 51 | B13: 40-优粤纺织.jpg | C13: 40-优粤纺织.jpg | D13: 无需改名
... A43: 82 | B43: 205-怡丰布行.jpg | C43: 205-怡丰布行.jpg | D43: 无需改名
A45: 手工处理 | B45: 原文件名 | C45: 新文件名 | D45: 结果
A46: 手工 | B46: 1404-缤涛.jpg | C46: 1404-佛山市缤涛纺织有限公司.jpg | D46: 已改名
A47: 手工 | B47: 10-拉链.jpg | C47: 10-NNF拉链.jpg | D47: 已改名
A48: 手工 | B48: 4-2-拉链.jpg | C48: 4-2-SBS-福建浔兴拉链科技股份有限公司.jpg | D48: 已改名
A49: 手工 | B49: 4-带之尊.jpg | C49: 4-永亨织带有限公司.jpg | D49: 已改名
A50: 手工 | B50: 150-一品.jpg | C50: 150-创盛（宇鑫）纺织.jpg | D50: 已改名
